{"cameraMode":{"drawMode":0,"name":"Shaded","section":"Shading Mode"},"sceneLighting":false,"audioPlay":false,"sceneViewState":{"showFog":true,"showMaterialUpdate":false,"showSkybox":false,"showFlares":true,"showImageEffects":true,"showParticleSystems":true},"in2DMode":false,"pivot":{"x":16.006174087524415,"y":3.7346577644348146,"z":8.918213844299317},"rotation":{"x":-0.1418168544769287,"y":0.853779137134552,"z":-0.30423352122306826,"w":-0.39798498153686526},"size":14.510504722595215,"orthographic":false}